insert into student (id, first_name, last_name, birth_date) values (1, 'Jermaine', 'Dawton', '1/9/1981');
insert into student (id, first_name, last_name, birth_date) values (2, 'Dolli', 'Scrivenor', '7/4/1985');
insert into student (id, first_name, last_name, birth_date) values (3, 'Misti', 'Billingsly', '13/7/1984');
insert into student (id, first_name, last_name, birth_date) values (4, 'Huntlee', 'Smyth', '3/7/1984');
insert into student (id, first_name, last_name, birth_date) values (5, 'Leora', 'Tutill', '4/5/1988');
insert into student (id, first_name, last_name, birth_date) values (6, 'Jennifer', 'Dorran', '2/4/1983');
insert into student (id, first_name, last_name, birth_date) values (7, 'Dari', 'Schonfelder', '19/5/1980');
insert into student (id, first_name, last_name, birth_date) values (8, 'Zabrina', 'Cordie', '30/3/1988');
insert into student (id, first_name, last_name, birth_date) values (9, 'Herby', 'Drinkwater', '28/4/1988');
insert into student (id, first_name, last_name, birth_date) values (10, 'Ciel', 'Witterick', '10/7/1982');


insert into contact_info (student_id, email, phone, address, city, state, zip) values (1, 'wruddin0@geocities.com', '616-910-7424', '4 Eastwood Parkway', 'Grand Rapids', 'Michigan', 27854);
insert into contact_info (student_id, email, phone, address, city, state, zip) values (2, 'fleek1@hugedomains.com', '616-321-0739', '5 Kennedy Way', 'Grand Rapids', 'Michigan', 96047);
insert into contact_info (student_id, email, phone, address, city, state, zip) values (3, 'wshilston2@wufoo.com', '330-601-7832', '48597 Susan Center', 'Youngstown', 'Ohio', 82717);
insert into contact_info (student_id, email, phone, address, city, state, zip) values (4, 'dturtle3@cbc.ca', '910-734-9704', '33840 Killdeer Way', 'Wilmington', 'North Carolina', 88359);
insert into contact_info (student_id, email, phone, address, city, state, zip) values (5, 'tcaldero4@berkeley.edu', '785-565-9415', '83 Superior Trail', 'Topeka', 'Kansas', 88200);
insert into contact_info (student_id, email, phone, address, city, state, zip) values (6, 'gleopard5@google.co.uk', '513-465-3140', '9 Carioca Street', 'Cincinnati', 'Ohio', 23220);
insert into contact_info (student_id, email, phone, address, city, state, zip) values (7, 'tdudgeon6@lulu.com', '405-296-9196', '80722 Victoria Trail', 'Oklahoma City', 'Oklahoma', 88568);
insert into contact_info (student_id, email, phone, address, city, state, zip) values (8, 'ayitzhak7@google.de', '806-689-6924', '873 Old Gate Crossing', 'Lubbock', 'Texas', 39816);
insert into contact_info (student_id, email, phone, address, city, state, zip) values (9, 'ihallgath8@pen.io', '678-245-1565', '8270 Bayside Pass', 'Norcross', 'Georgia', 84892);
insert into contact_info (student_id, email, phone, address, city, state, zip) values (10, 'ilumsdale9@mapquest.com', '408-124-4710', '53 Namekagon Court', 'San Jose', 'California', 98337);


insert into instructor (id, first_name, last_name) values (1, 'Alverta', 'Allcoat');
insert into instructor (id, first_name, last_name) values (2, 'Sergio', 'De la Zenne');
insert into instructor (id, first_name, last_name) values (3, 'Paulita', 'Pagett');
insert into instructor (id, first_name, last_name) values (4, 'Rafi', 'Matson');
insert into instructor (id, first_name, last_name) values (5, 'Rene', 'Fry');
insert into instructor (id, first_name, last_name) values (6, 'Weber', 'Noden');
insert into instructor (id, first_name, last_name) values (7, 'Devlen', 'Waleworke');
insert into instructor (id, first_name, last_name) values (8, 'Iolanthe', 'Schwieso');
insert into instructor (id, first_name, last_name) values (9, 'Mariel', 'Scranny');
insert into instructor (id, first_name, last_name) values (10, 'Homer', 'Gravatt');

insert into course (id, name, instructor_id) values (1, 'Black Digital Studies', 1);
insert into course (id, name, instructor_id) values (2, 'Computational Methods For Data Analysis', 2);
insert into course (id, name, instructor_id) values (3, 'Technologies Of Health', 3);
insert into course (id, name, instructor_id) values (4, 'Anthropology Of Science And Technology', 4);
insert into course (id, name, instructor_id) values (5, 'Introduction To Archaeological Data Science', 5);
insert into course (id, name, instructor_id) values (6, 'Exploring Graffiti: Combining Landscape Archaeology And Data Science', 6);
insert into course (id, name, instructor_id) values (7, 'Archaeological GIS', 7);
insert into course (id, name, instructor_id) values (8, 'Archaeological Data Visualization', 8);
insert into course (id, name, instructor_id) values (9, 'Computational Quantitative Methods In Archaeology', 9);
insert into course (id, name, instructor_id) values (10, 'Introduction To Programming For Astronomical Applications', 10);
insert into course (id, name, instructor_id) values (11, 'Introduction To Astrostatistics And Machine Learning In Astronomy', 1);
insert into course (id, name, instructor_id) values (12, 'Human Biological Diversity: Sports, Movement, And Activity', 2);
insert into course (id, name, instructor_id) values (13, 'Applied Biomechanics Of Human Movement', 3);
insert into course (id, name, instructor_id) values (14, 'Anthropological Research On Health Disparities', 4);
insert into course (id, name, instructor_id) values (15, 'Social Networks And Health: Biocultural Perspectives', 5);
insert into course (id, name, instructor_id) values (16, 'Applied Human Growth And Development', 6);
insert into course (id, name, instructor_id) values (17, 'Data Reasoning In A Digital World', 7);
insert into course (id, name, instructor_id) values (18, 'Foundations In Quantitative Biology', 8);
insert into course (id, name, instructor_id) values (19, 'Data Science For Biologists', 9);
insert into course (id, name, instructor_id) values (20, 'Regression Methods In The Health Sciences', 10);

insert into student_course (course_id, student_id, rating) values (1, 1, 4);
insert into student_course (course_id, student_id, rating) values (2, 1, 1);
insert into student_course (course_id, student_id, rating) values (3, 1, 4);
insert into student_course (course_id, student_id, rating) values (4, 1, 1);
insert into student_course (course_id, student_id, rating) values (5, 1, 4);
insert into student_course (course_id, student_id, rating) values (6, 1, 4);
insert into student_course (course_id, student_id, rating) values (7, 1, 1);
insert into student_course (course_id, student_id, rating) values (8, 1, 2);
insert into student_course (course_id, student_id, rating) values (9, 1, 5);
insert into student_course (course_id, student_id, rating) values (10, 1, 3);
insert into student_course (course_id, student_id, rating) values (1, 2, 2);
insert into student_course (course_id, student_id, rating) values (2, 2, 5);
insert into student_course (course_id, student_id, rating) values (3, 2, 5);
insert into student_course (course_id, student_id, rating) values (4, 2, 1);
insert into student_course (course_id, student_id, rating) values (5, 2, 4);
insert into student_course (course_id, student_id, rating) values (6, 2, 1);
insert into student_course (course_id, student_id, rating) values (7, 2, 2);
insert into student_course (course_id, student_id, rating) values (8, 2, 1);
insert into student_course (course_id, student_id, rating) values (9, 2, 5);
insert into student_course (course_id, student_id, rating) values (10, 2, 1);

--insert into course_rating (course_id, student_id, rating) values (1, 1, 4);
--insert into course_rating (course_id, student_id, rating) values (2, 1, 1);
--insert into course_rating (course_id, student_id, rating) values (3, 1, 4);
--insert into course_rating (course_id, student_id, rating) values (4, 1, 1);
--insert into course_rating (course_id, student_id, rating) values (5, 1, 4);
--insert into course_rating (course_id, student_id, rating) values (6, 1, 4);
--insert into course_rating (course_id, student_id, rating) values (7, 1, 1);
--insert into course_rating (course_id, student_id, rating) values (8, 1, 2);
--insert into course_rating (course_id, student_id, rating) values (9, 1, 5);
--insert into course_rating (course_id, student_id, rating) values (10, 1, 3);
--insert into course_rating (course_id, student_id, rating) values (1, 2, 2);
--insert into course_rating (course_id, student_id, rating) values (2, 2, 5);
--insert into course_rating (course_id, student_id, rating) values (3, 2, 5);
--insert into course_rating (course_id, student_id, rating) values (4, 2, 1);
--insert into course_rating (course_id, student_id, rating) values (5, 2, 4);
--insert into course_rating (course_id, student_id, rating) values (6, 2, 1);
--insert into course_rating (course_id, student_id, rating) values (7, 2, 2);
--insert into course_rating (course_id, student_id, rating) values (8, 2, 1);
--insert into course_rating (course_id, student_id, rating) values (9, 2, 5);
--insert into course_rating (course_id, student_id, rating) values (10, 2, 1);